success_commercial,count,share
0,85827,0.6999942908874408
1,36784,0.30000570911255925
